{"minzoom":0,"maxzoom":8,"center":[40.078125,22.592196,8.0],"bounds":[32.341324,15.0,59.833622,32.308907]}