{"minzoom":0,"maxzoom":9,"center":[43.242188,17.64371,9.0],"bounds":[32.341324,15.0,59.833622,32.308907]}